model,method,run_id,case_id,run_file,valid,path,issues
DeepSeek R1 14B,RAG,open_source__deepseek_r1_14b__rag,case_01_healthcare_portal,run_01.puml,False,/Users/faria/State_transition_Diagram_generated_by_LLM/results/plantuml_pipeline/runs/open_source__deepseek_r1_14b__rag/case_01_healthcare_portal/run_01.puml,"missing_final_state_transition (state --> [*]) | unreachable_states_detected | unreachable: ActivityChoice, Expert Content, Facility A, Facility B, Facility C, FacilityChoice, Health Info, Invalid Login, LoggedIn, Login, LoginDecision, Read News, Valid Login | orphan_states_detected | orphan: Expert Content, Health Info, Read News | choice_node_without_outgoing_transitions (ActivityChoice) | choice_node_without_guarded_outgoing_transitions (FacilityChoice) | choice_node_without_guarded_outgoing_transitions (LoginDecision) | choice_node_without_guarded_outgoing_transitions (RegistrationDecision)"
DeepSeek R1 14B,RAG,open_source__deepseek_r1_14b__rag,case_02_inventory,run_01.puml,False,/Users/faria/State_transition_Diagram_generated_by_LLM/results/plantuml_pipeline/runs/open_source__deepseek_r1_14b__rag/case_02_inventory/run_01.puml,missing_final_state_transition (state --> [*])
DeepSeek R1 14B,RAG,open_source__deepseek_r1_14b__rag,case_12_business_process_outsourcing_bpo_management_system_2,run_01.puml,False,/Users/faria/State_transition_Diagram_generated_by_LLM/results/plantuml_pipeline/runs/open_source__deepseek_r1_14b__rag/case_12_business_process_outsourcing_bpo_management_system_2/run_01.puml,choice_node_without_guarded_outgoing_transitions (ChoiceFilter)
DeepSeek R1 14B,RAG,open_source__deepseek_r1_14b__rag,case_15_e_ticketing_for_bus,run_01.puml,False,/Users/faria/State_transition_Diagram_generated_by_LLM/results/plantuml_pipeline/runs/open_source__deepseek_r1_14b__rag/case_15_e_ticketing_for_bus/run_01.puml,"multiple_initial_state_transitions (Registration, Login, RegDetails, TicketCheck, AccountManage) | duplicate_transitions_detected (2) | orphan_states_detected | orphan: Unauthenticated | choice_node_without_guarded_outgoing_transitions (BookTicket) | choice_node_without_outgoing_transitions (OrderComplete) | choice_node_without_guarded_outgoing_transitions (Payment) | choice_node_without_outgoing_transitions (RegInvalid) | choice_node_without_guarded_outgoing_transitions (RegValid) | choice_node_without_guarded_outgoing_transitions (TicketCheck)"
DeepSeek R1 14B,RAG,open_source__deepseek_r1_14b__rag,case_16_weather_monitoring_system,run_01.puml,False,/Users/faria/State_transition_Diagram_generated_by_LLM/results/plantuml_pipeline/runs/open_source__deepseek_r1_14b__rag/case_16_weather_monitoring_system/run_01.puml,"plantuml_syntax_error: Error line 77 in file: diagram.puml; Some diagram description contains errors | missing_initial_state_transition ([*] --> state) | missing_final_state_transition (state --> [*]) | orphan_states_detected | orphan: Idle, Invalid login, Invalid registration, LoggedIn, Login, PrescribeMedicines, ReadBlog, Register, SendPatientInfo, StockUp, UpdateInfected, ViewDeathCount, ViewInfected, ViewMaskDemand, ViewPatientInfo"
DeepSeek R1 14B,RAG,open_source__deepseek_r1_14b__rag,case_18_digidoclocker,run_01.puml,True,/Users/faria/State_transition_Diagram_generated_by_LLM/results/plantuml_pipeline/runs/open_source__deepseek_r1_14b__rag/case_18_digidoclocker/run_01.puml,
DeepSeek R1 14B,RAG,open_source__deepseek_r1_14b__rag,case_28_ott_based_system_mini_reel,run_01.puml,False,/Users/faria/State_transition_Diagram_generated_by_LLM/results/plantuml_pipeline/runs/open_source__deepseek_r1_14b__rag/case_28_ott_based_system_mini_reel/run_01.puml,missing_initial_state_transition ([*] --> state) | missing_final_state_transition (state --> [*]) | choice_node_without_guarded_outgoing_transitions (LoggedIn)
DeepSeek R1 14B,RAG,open_source__deepseek_r1_14b__rag,case_32_e_visa_processing_and_follow_up_system,run_01.puml,False,/Users/faria/State_transition_Diagram_generated_by_LLM/results/plantuml_pipeline/runs/open_source__deepseek_r1_14b__rag/case_32_e_visa_processing_and_follow_up_system/run_01.puml,"multiple_initial_state_transitions (CreateUser, MakePayment, DocumentCheck) | orphan_states_detected | orphan: ApplicationProcessing, ApplyVisa | choice_node_without_guarded_outgoing_transitions (MainMenu)"
DeepSeek R1 14B,RAG,open_source__deepseek_r1_14b__rag,case_33_farm_management_system,run_01.puml,False,/Users/faria/State_transition_Diagram_generated_by_LLM/results/plantuml_pipeline/runs/open_source__deepseek_r1_14b__rag/case_33_farm_management_system/run_01.puml,"plantuml_syntax_error: Error line 9 in file: diagram.puml; Some diagram description contains errors | multiple_initial_state_transitions (Dashboard, PestPhoto, SoilInfo, LocationWeather, LocationLabour) | missing_final_state_transition (state --> [*]) | orphan_states_detected | orphan: Labour, LabourResults, Login, Logout, MarketConditions, PestControl, PestTechniques, SoilResults, SoilSuggestions, Weather"
DeepSeek R1 14B,RAG,open_source__deepseek_r1_14b__rag,case_34_green_rides,run_01.puml,False,/Users/faria/State_transition_Diagram_generated_by_LLM/results/plantuml_pipeline/runs/open_source__deepseek_r1_14b__rag/case_34_green_rides/run_01.puml,"missing_initial_state_transition ([*] --> state) | missing_final_state_transition (state --> [*]) | orphan_states_detected | orphan: Destination Selected, Driving Mode Activated, Journey Details Displayed, Journey Ended, Logged In, Menu Viewed, Order Placed, Other Options Selected, Place to Eat Selected, Report Submitted"
DeepSeek R1 14B,RAG,open_source__deepseek_r1_14b__rag,case_37_online_quiz_system,run_01.puml,False,/Users/faria/State_transition_Diagram_generated_by_LLM/results/plantuml_pipeline/runs/open_source__deepseek_r1_14b__rag/case_37_online_quiz_system/run_01.puml,"multiple_initial_state_transitions (Start, Start)"
DeepSeek R1 14B,RAG,open_source__deepseek_r1_14b__rag,case_39_website_development,run_01.puml,True,/Users/faria/State_transition_Diagram_generated_by_LLM/results/plantuml_pipeline/runs/open_source__deepseek_r1_14b__rag/case_39_website_development/run_01.puml,
DeepSeek R1 14B,RAG,open_source__deepseek_r1_14b__rag,case_41_video_suggestion_system,run_01.puml,True,/Users/faria/State_transition_Diagram_generated_by_LLM/results/plantuml_pipeline/runs/open_source__deepseek_r1_14b__rag/case_41_video_suggestion_system/run_01.puml,
DeepSeek R1 14B,RAG,open_source__deepseek_r1_14b__rag,case_45_alarm_clock,run_01.puml,False,/Users/faria/State_transition_Diagram_generated_by_LLM/results/plantuml_pipeline/runs/open_source__deepseek_r1_14b__rag/case_45_alarm_clock/run_01.puml,missing_initial_state_transition ([*] --> state) | missing_final_state_transition (state --> [*])
DeepSeek R1 14B,RAG,open_source__deepseek_r1_14b__rag,case_46_digital_watch,run_01.puml,False,/Users/faria/State_transition_Diagram_generated_by_LLM/results/plantuml_pipeline/runs/open_source__deepseek_r1_14b__rag/case_46_digital_watch/run_01.puml,missing_initial_state_transition ([*] --> state) | missing_final_state_transition (state --> [*])
DeepSeek R1 14B,RAG,open_source__deepseek_r1_14b__rag,case_47_safehome_security_function,run_01.puml,False,/Users/faria/State_transition_Diagram_generated_by_LLM/results/plantuml_pipeline/runs/open_source__deepseek_r1_14b__rag/case_47_safehome_security_function/run_01.puml,missing_final_state_transition (state --> [*])
DeepSeek R1 14B,RAG,open_source__deepseek_r1_14b__rag,case_51_process_sale,run_01.puml,False,/Users/faria/State_transition_Diagram_generated_by_LLM/results/plantuml_pipeline/runs/open_source__deepseek_r1_14b__rag/case_51_process_sale/run_01.puml,"missing_final_state_transition (state --> [*]) | unreachable_states_detected | unreachable: Recording items, Sale completed, VerifyingPayment, Waiting for customer, Waiting for payment"
DeepSeek R1 14B,RAG,open_source__deepseek_r1_14b__rag,case_52_microwave_oven,run_01.puml,False,/Users/faria/State_transition_Diagram_generated_by_LLM/results/plantuml_pipeline/runs/open_source__deepseek_r1_14b__rag/case_52_microwave_oven/run_01.puml,missing_initial_state_transition ([*] --> state) | missing_final_state_transition (state --> [*])
DeepSeek R1 14B,RAG,open_source__deepseek_r1_14b__rag,case_54_weather_station_system,run_01.puml,False,/Users/faria/State_transition_Diagram_generated_by_LLM/results/plantuml_pipeline/runs/open_source__deepseek_r1_14b__rag/case_54_weather_station_system/run_01.puml,"multiple_initial_state_transitions (Shutdown, Running) | missing_final_state_transition (state --> [*])"
DeepSeek R1 14B,RAG,open_source__deepseek_r1_14b__rag,case_59_atm_1,run_01.puml,False,/Users/faria/State_transition_Diagram_generated_by_LLM/results/plantuml_pipeline/runs/open_source__deepseek_r1_14b__rag/case_59_atm_1/run_01.puml,plantuml_syntax_error: Error line 42 in file: diagram.puml; Some diagram description contains errors | missing_final_state_transition (state --> [*]) | unreachable_states_detected | unreachable: Terminating | orphan_states_detected | orphan: Terminating
DeepSeek R1 14B,RAG,open_source__deepseek_r1_14b__rag,case_60_atm_2,run_01.puml,True,/Users/faria/State_transition_Diagram_generated_by_LLM/results/plantuml_pipeline/runs/open_source__deepseek_r1_14b__rag/case_60_atm_2/run_01.puml,
DeepSeek R1 14B,RAG,open_source__deepseek_r1_14b__rag,case_65_plane,run_01.puml,False,/Users/faria/State_transition_Diagram_generated_by_LLM/results/plantuml_pipeline/runs/open_source__deepseek_r1_14b__rag/case_65_plane/run_01.puml,missing_final_state_transition (state --> [*])
DeepSeek R1 14B,RAG,open_source__deepseek_r1_14b__rag,case_67_atm_many_scenarios_1,run_01.puml,False,/Users/faria/State_transition_Diagram_generated_by_LLM/results/plantuml_pipeline/runs/open_source__deepseek_r1_14b__rag/case_67_atm_many_scenarios_1/run_01.puml,missing_final_state_transition (state --> [*])
DeepSeek R1 14B,RAG,open_source__deepseek_r1_14b__rag,case_70_atm_many_scenarios_7,run_01.puml,False,/Users/faria/State_transition_Diagram_generated_by_LLM/results/plantuml_pipeline/runs/open_source__deepseek_r1_14b__rag/case_70_atm_many_scenarios_7/run_01.puml,missing_initial_state_transition ([*] --> state) | missing_final_state_transition (state --> [*])
DeepSeek R1 14B,RAG,open_source__deepseek_r1_14b__rag,case_75_graderate,run_01.puml,False,/Users/faria/State_transition_Diagram_generated_by_LLM/results/plantuml_pipeline/runs/open_source__deepseek_r1_14b__rag/case_75_graderate/run_01.puml,missing_final_state_transition (state --> [*])
DeepSeek R1 14B,RAG,open_source__deepseek_r1_14b__rag,case_78_class_campaign_version_2,run_01.puml,False,/Users/faria/State_transition_Diagram_generated_by_LLM/results/plantuml_pipeline/runs/open_source__deepseek_r1_14b__rag/case_78_class_campaign_version_2/run_01.puml,"multiple_initial_state_transitions (Commissioned, AdvertPreparation)"
DeepSeek R1 14B,RAG,open_source__deepseek_r1_14b__rag,case_80_staff_member_class,run_01.puml,False,/Users/faria/State_transition_Diagram_generated_by_LLM/results/plantuml_pipeline/runs/open_source__deepseek_r1_14b__rag/case_80_staff_member_class/run_01.puml,"plantuml_syntax_error: Error line 9 in file: diagram.puml; Some diagram description contains errors | multiple_initial_state_transitions (Unassigned, Assigned)"
Llama 3.1 8B Instruct,RAG,open_source__llama31_8b_instruct__rag,case_01_healthcare_portal,run_01.puml,False,/Users/faria/State_transition_Diagram_generated_by_LLM/results/plantuml_pipeline/runs/open_source__llama31_8b_instruct__rag/case_01_healthcare_portal/run_01.puml,choice_node_without_guarded_outgoing_transitions (LoginDecision) | choice_node_without_guarded_outgoing_transitions (NavChoice) | choice_node_without_guarded_outgoing_transitions (PayDecision)
Llama 3.1 8B Instruct,RAG,open_source__llama31_8b_instruct__rag,case_02_inventory,run_01.puml,False,/Users/faria/State_transition_Diagram_generated_by_LLM/results/plantuml_pipeline/runs/open_source__llama31_8b_instruct__rag/case_02_inventory/run_01.puml,"unreachable_states_detected | unreachable: Add new goods, Calculate discount and tax, Cancel receipt, Expired goods, Generate invoice, Generate receipt, Place order, Record customer requests, Remove goods, Replace item, Search items, Update price, View transactions"
Llama 3.1 8B Instruct,RAG,open_source__llama31_8b_instruct__rag,case_12_business_process_outsourcing_bpo_management_system_2,run_01.puml,False,/Users/faria/State_transition_Diagram_generated_by_LLM/results/plantuml_pipeline/runs/open_source__llama31_8b_instruct__rag/case_12_business_process_outsourcing_bpo_management_system_2/run_01.puml,"unreachable_states_detected | unreachable: DisplayMatchingUsers, Search by filter category, Search by price range"
Llama 3.1 8B Instruct,RAG,open_source__llama31_8b_instruct__rag,case_15_e_ticketing_for_bus,run_01.puml,False,/Users/faria/State_transition_Diagram_generated_by_LLM/results/plantuml_pipeline/runs/open_source__llama31_8b_instruct__rag/case_15_e_ticketing_for_bus/run_01.puml,"multiple_initial_state_transitions (UserType, GettingDetails, ChoiceProfile) | choice_node_without_outgoing_transitions (EndInvalid)"
Llama 3.1 8B Instruct,RAG,open_source__llama31_8b_instruct__rag,case_16_weather_monitoring_system,run_01.puml,False,/Users/faria/State_transition_Diagram_generated_by_LLM/results/plantuml_pipeline/runs/open_source__llama31_8b_instruct__rag/case_16_weather_monitoring_system/run_01.puml,"multiple_initial_state_transitions (CreateAccount, Login) | duplicate_transitions_detected (10)"
Llama 3.1 8B Instruct,RAG,open_source__llama31_8b_instruct__rag,case_18_digidoclocker,run_01.puml,False,/Users/faria/State_transition_Diagram_generated_by_LLM/results/plantuml_pipeline/runs/open_source__llama31_8b_instruct__rag/case_18_digidoclocker/run_01.puml,"unreachable_states_detected | unreachable: Cancellation of Certificates, EndMerge, IssueCert, Issuing the Certificates, Request for Certificates, Update the Profile, View Profile | choice_node_without_outgoing_transitions (EndMerge)"
Llama 3.1 8B Instruct,RAG,open_source__llama31_8b_instruct__rag,case_28_ott_based_system_mini_reel,run_01.puml,True,/Users/faria/State_transition_Diagram_generated_by_LLM/results/plantuml_pipeline/runs/open_source__llama31_8b_instruct__rag/case_28_ott_based_system_mini_reel/run_01.puml,
Llama 3.1 8B Instruct,RAG,open_source__llama31_8b_instruct__rag,case_32_e_visa_processing_and_follow_up_system,run_01.puml,False,/Users/faria/State_transition_Diagram_generated_by_LLM/results/plantuml_pipeline/runs/open_source__llama31_8b_instruct__rag/case_32_e_visa_processing_and_follow_up_system/run_01.puml,"unreachable_states_detected | unreachable: Cancellation of Certificates, EndMerge, IssueCert, Issuing the Certificates, Request for Certificates, Update the Profile, View Profile | choice_node_without_outgoing_transitions (EndMerge)"
Llama 3.1 8B Instruct,RAG,open_source__llama31_8b_instruct__rag,case_33_farm_management_system,run_01.puml,False,/Users/faria/State_transition_Diagram_generated_by_LLM/results/plantuml_pipeline/runs/open_source__llama31_8b_instruct__rag/case_33_farm_management_system/run_01.puml,choice_node_without_guarded_outgoing_transitions (LoginDecision) | choice_node_without_guarded_outgoing_transitions (NavChoice)
Llama 3.1 8B Instruct,RAG,open_source__llama31_8b_instruct__rag,case_34_green_rides,run_01.puml,False,/Users/faria/State_transition_Diagram_generated_by_LLM/results/plantuml_pipeline/runs/open_source__llama31_8b_instruct__rag/case_34_green_rides/run_01.puml,"multiple_initial_state_transitions (J1, LJ) | choice_node_without_guarded_outgoing_transitions (J1) | choice_node_without_guarded_outgoing_transitions (J2) | choice_node_without_guarded_outgoing_transitions (J3) | choice_node_without_guarded_outgoing_transitions (J4) | choice_node_without_guarded_outgoing_transitions (LJ)"
Llama 3.1 8B Instruct,RAG,open_source__llama31_8b_instruct__rag,case_37_online_quiz_system,run_01.puml,True,/Users/faria/State_transition_Diagram_generated_by_LLM/results/plantuml_pipeline/runs/open_source__llama31_8b_instruct__rag/case_37_online_quiz_system/run_01.puml,
Llama 3.1 8B Instruct,RAG,open_source__llama31_8b_instruct__rag,case_39_website_development,run_01.puml,False,/Users/faria/State_transition_Diagram_generated_by_LLM/results/plantuml_pipeline/runs/open_source__llama31_8b_instruct__rag/case_39_website_development/run_01.puml,"multiple_initial_state_transitions (NavigateHomepage, CheckSubmittedApplications) | missing_final_state_transition (state --> [*])"
Llama 3.1 8B Instruct,RAG,open_source__llama31_8b_instruct__rag,case_41_video_suggestion_system,run_01.puml,True,/Users/faria/State_transition_Diagram_generated_by_LLM/results/plantuml_pipeline/runs/open_source__llama31_8b_instruct__rag/case_41_video_suggestion_system/run_01.puml,
Llama 3.1 8B Instruct,RAG,open_source__llama31_8b_instruct__rag,case_45_alarm_clock,run_01.puml,True,/Users/faria/State_transition_Diagram_generated_by_LLM/results/plantuml_pipeline/runs/open_source__llama31_8b_instruct__rag/case_45_alarm_clock/run_01.puml,
Llama 3.1 8B Instruct,RAG,open_source__llama31_8b_instruct__rag,case_46_digital_watch,run_01.puml,False,/Users/faria/State_transition_Diagram_generated_by_LLM/results/plantuml_pipeline/runs/open_source__llama31_8b_instruct__rag/case_46_digital_watch/run_01.puml,duplicate_transitions_detected (1)
Llama 3.1 8B Instruct,RAG,open_source__llama31_8b_instruct__rag,case_47_safehome_security_function,run_01.puml,True,/Users/faria/State_transition_Diagram_generated_by_LLM/results/plantuml_pipeline/runs/open_source__llama31_8b_instruct__rag/case_47_safehome_security_function/run_01.puml,
Llama 3.1 8B Instruct,RAG,open_source__llama31_8b_instruct__rag,case_51_process_sale,run_01.puml,False,/Users/faria/State_transition_Diagram_generated_by_LLM/results/plantuml_pipeline/runs/open_source__llama31_8b_instruct__rag/case_51_process_sale/run_01.puml,"missing_final_state_transition (state --> [*]) | unreachable_states_detected | unreachable: Complete sale, Enter items one by one, Move to payment, Return to waiting, Waiting for a new sale"
Llama 3.1 8B Instruct,RAG,open_source__llama31_8b_instruct__rag,case_52_microwave_oven,run_01.puml,False,/Users/faria/State_transition_Diagram_generated_by_LLM/results/plantuml_pipeline/runs/open_source__llama31_8b_instruct__rag/case_52_microwave_oven/run_01.puml,"missing_final_state_transition (state --> [*]) | unreachable_states_detected | unreachable: Cooking, Door Open, Door Open With Item, Door Shut, Door Shut With Item, Ready To Cook"
Llama 3.1 8B Instruct,RAG,open_source__llama31_8b_instruct__rag,case_54_weather_station_system,run_01.puml,False,/Users/faria/State_transition_Diagram_generated_by_LLM/results/plantuml_pipeline/runs/open_source__llama31_8b_instruct__rag/case_54_weather_station_system/run_01.puml,"multiple_initial_state_transitions (Idle, Restart, CollectData, PrepareSummary, CheckStatus, ControlledMode, Shutdown)"
Llama 3.1 8B Instruct,RAG,open_source__llama31_8b_instruct__rag,case_59_atm_1,run_01.puml,False,/Users/faria/State_transition_Diagram_generated_by_LLM/results/plantuml_pipeline/runs/open_source__llama31_8b_instruct__rag/case_59_atm_1/run_01.puml,missing_final_state_transition (state --> [*])
Llama 3.1 8B Instruct,RAG,open_source__llama31_8b_instruct__rag,case_60_atm_2,run_01.puml,False,/Users/faria/State_transition_Diagram_generated_by_LLM/results/plantuml_pipeline/runs/open_source__llama31_8b_instruct__rag/case_60_atm_2/run_01.puml,missing_final_state_transition (state --> [*])
Llama 3.1 8B Instruct,RAG,open_source__llama31_8b_instruct__rag,case_65_plane,run_01.puml,False,/Users/faria/State_transition_Diagram_generated_by_LLM/results/plantuml_pipeline/runs/open_source__llama31_8b_instruct__rag/case_65_plane/run_01.puml,missing_final_state_transition (state --> [*])
Llama 3.1 8B Instruct,RAG,open_source__llama31_8b_instruct__rag,case_67_atm_many_scenarios_1,run_01.puml,False,/Users/faria/State_transition_Diagram_generated_by_LLM/results/plantuml_pipeline/runs/open_source__llama31_8b_instruct__rag/case_67_atm_many_scenarios_1/run_01.puml,missing_final_state_transition (state --> [*])
Llama 3.1 8B Instruct,RAG,open_source__llama31_8b_instruct__rag,case_70_atm_many_scenarios_7,run_01.puml,False,/Users/faria/State_transition_Diagram_generated_by_LLM/results/plantuml_pipeline/runs/open_source__llama31_8b_instruct__rag/case_70_atm_many_scenarios_7/run_01.puml,missing_final_state_transition (state --> [*])
Llama 3.1 8B Instruct,RAG,open_source__llama31_8b_instruct__rag,case_75_graderate,run_01.puml,False,/Users/faria/State_transition_Diagram_generated_by_LLM/results/plantuml_pipeline/runs/open_source__llama31_8b_instruct__rag/case_75_graderate/run_01.puml,missing_final_state_transition (state --> [*])
Llama 3.1 8B Instruct,RAG,open_source__llama31_8b_instruct__rag,case_78_class_campaign_version_2,run_01.puml,True,/Users/faria/State_transition_Diagram_generated_by_LLM/results/plantuml_pipeline/runs/open_source__llama31_8b_instruct__rag/case_78_class_campaign_version_2/run_01.puml,
Llama 3.1 8B Instruct,RAG,open_source__llama31_8b_instruct__rag,case_80_staff_member_class,run_01.puml,False,/Users/faria/State_transition_Diagram_generated_by_LLM/results/plantuml_pipeline/runs/open_source__llama31_8b_instruct__rag/case_80_staff_member_class/run_01.puml,"multiple_initial_state_transitions (StaffMember, Assigned, Unassigned, Employed) | duplicate_transitions_detected (1)"
Qwen 2.5 7B Instruct,RAG,open_source__qwen25_7b_instruct__rag,case_01_healthcare_portal,run_01.puml,False,/Users/faria/State_transition_Diagram_generated_by_LLM/results/plantuml_pipeline/runs/open_source__qwen25_7b_instruct__rag/case_01_healthcare_portal/run_01.puml,"multiple_initial_state_transitions (Register, Login, Dashboard, News, Facilities, SymptomCheck, FitnessCheck, Payment, InsurancePayment, DoctorConsultation, PaymentComplete, FinishSession, Feedback, Logout) | missing_final_state_transition (state --> [*])"
Qwen 2.5 7B Instruct,RAG,open_source__qwen25_7b_instruct__rag,case_02_inventory,run_01.puml,False,/Users/faria/State_transition_Diagram_generated_by_LLM/results/plantuml_pipeline/runs/open_source__qwen25_7b_instruct__rag/case_02_inventory/run_01.puml,"missing_final_state_transition (state --> [*]) | unreachable_states_detected | unreachable: Add New Goods, Calculate Discount and Tax, Generate Invoice, Generate Receipt, Identify Expired Goods, Place Order, Record Customer Requests, Remove Goods, Replace Item or Cancel Receipt, Search Items, Update Price, View Summary Report"
Qwen 2.5 7B Instruct,RAG,open_source__qwen25_7b_instruct__rag,case_12_business_process_outsourcing_bpo_management_system_2,run_01.puml,False,/Users/faria/State_transition_Diagram_generated_by_LLM/results/plantuml_pipeline/runs/open_source__qwen25_7b_instruct__rag/case_12_business_process_outsourcing_bpo_management_system_2/run_01.puml,"multiple_initial_state_transitions (SearchCriteria, FilterCategory, PriceRange)"
Qwen 2.5 7B Instruct,RAG,open_source__qwen25_7b_instruct__rag,case_15_e_ticketing_for_bus,run_01.puml,False,/Users/faria/State_transition_Diagram_generated_by_LLM/results/plantuml_pipeline/runs/open_source__qwen25_7b_instruct__rag/case_15_e_ticketing_for_bus/run_01.puml,"multiple_initial_state_transitions (Registration, EnterDetails, Authenticate, CheckTicketStatus, BookTicket, ManageAccount, Logout, EditDetails, DeleteAccount) | duplicate_transitions_detected (1)"
Qwen 2.5 7B Instruct,RAG,open_source__qwen25_7b_instruct__rag,case_16_weather_monitoring_system,run_01.puml,False,/Users/faria/State_transition_Diagram_generated_by_LLM/results/plantuml_pipeline/runs/open_source__qwen25_7b_instruct__rag/case_16_weather_monitoring_system/run_01.puml,"candidate_line_34: invalid [*] -> [*] transition | multiple_initial_state_transitions (Register, Login, CheckLocation, CheckInfo, ChooseInfo, ShowInfo, ViewDetails)"
Qwen 2.5 7B Instruct,RAG,open_source__qwen25_7b_instruct__rag,case_18_digidoclocker,run_01.puml,False,/Users/faria/State_transition_Diagram_generated_by_LLM/results/plantuml_pipeline/runs/open_source__qwen25_7b_instruct__rag/case_18_digidoclocker/run_01.puml,"candidate_line_30: invalid [*] -> [*] transition | multiple_initial_state_transitions (Registration, CitizenLogin, DocumentUpload, CertificateApply, RegistrarRequest)"
Qwen 2.5 7B Instruct,RAG,open_source__qwen25_7b_instruct__rag,case_28_ott_based_system_mini_reel,run_01.puml,False,/Users/faria/State_transition_Diagram_generated_by_LLM/results/plantuml_pipeline/runs/open_source__qwen25_7b_instruct__rag/case_28_ott_based_system_mini_reel/run_01.puml,unreachable_states_detected | unreachable: Idle | orphan_states_detected | orphan: Idle | choice_node_without_outgoing_transitions (Idle)
Qwen 2.5 7B Instruct,RAG,open_source__qwen25_7b_instruct__rag,case_32_e_visa_processing_and_follow_up_system,run_01.puml,False,/Users/faria/State_transition_Diagram_generated_by_LLM/results/plantuml_pipeline/runs/open_source__qwen25_7b_instruct__rag/case_32_e_visa_processing_and_follow_up_system/run_01.puml,"multiple_initial_state_transitions (LoggedIn, Dashboard) | duplicate_transitions_detected (2)"
Qwen 2.5 7B Instruct,RAG,open_source__qwen25_7b_instruct__rag,case_33_farm_management_system,run_01.puml,False,/Users/faria/State_transition_Diagram_generated_by_LLM/results/plantuml_pipeline/runs/open_source__qwen25_7b_instruct__rag/case_33_farm_management_system/run_01.puml,"multiple_initial_state_transitions (LoggedIn, Dashboard, PestControlHelp, SoilSuggestions, WeatherInsights, LabourAvailability)"
Qwen 2.5 7B Instruct,RAG,open_source__qwen25_7b_instruct__rag,case_34_green_rides,run_01.puml,False,/Users/faria/State_transition_Diagram_generated_by_LLM/results/plantuml_pipeline/runs/open_source__qwen25_7b_instruct__rag/case_34_green_rides/run_01.puml,choice_node_without_guarded_outgoing_transitions (J0)
Qwen 2.5 7B Instruct,RAG,open_source__qwen25_7b_instruct__rag,case_37_online_quiz_system,run_01.puml,False,/Users/faria/State_transition_Diagram_generated_by_LLM/results/plantuml_pipeline/runs/open_source__qwen25_7b_instruct__rag/case_37_online_quiz_system/run_01.puml,missing_final_state_transition (state --> [*])
Qwen 2.5 7B Instruct,RAG,open_source__qwen25_7b_instruct__rag,case_39_website_development,run_01.puml,False,/Users/faria/State_transition_Diagram_generated_by_LLM/results/plantuml_pipeline/runs/open_source__qwen25_7b_instruct__rag/case_39_website_development/run_01.puml,"multiple_initial_state_transitions (NavigationBar, Projects, CareerOpportunities) | duplicate_transitions_detected (4) | orphan_states_detected | orphan: HomePage"
Qwen 2.5 7B Instruct,RAG,open_source__qwen25_7b_instruct__rag,case_41_video_suggestion_system,run_01.puml,True,/Users/faria/State_transition_Diagram_generated_by_LLM/results/plantuml_pipeline/runs/open_source__qwen25_7b_instruct__rag/case_41_video_suggestion_system/run_01.puml,
Qwen 2.5 7B Instruct,RAG,open_source__qwen25_7b_instruct__rag,case_45_alarm_clock,run_01.puml,False,/Users/faria/State_transition_Diagram_generated_by_LLM/results/plantuml_pipeline/runs/open_source__qwen25_7b_instruct__rag/case_45_alarm_clock/run_01.puml,"multiple_initial_state_transitions (Off, Idle, SetAlarm) | missing_final_state_transition (state --> [*]) | duplicate_transitions_detected (1)"
Qwen 2.5 7B Instruct,RAG,open_source__qwen25_7b_instruct__rag,case_46_digital_watch,run_01.puml,False,/Users/faria/State_transition_Diagram_generated_by_LLM/results/plantuml_pipeline/runs/open_source__qwen25_7b_instruct__rag/case_46_digital_watch/run_01.puml,missing_final_state_transition (state --> [*]) | unreachable_states_detected | unreachable: Light On
Qwen 2.5 7B Instruct,RAG,open_source__qwen25_7b_instruct__rag,case_47_safehome_security_function,run_01.puml,False,/Users/faria/State_transition_Diagram_generated_by_LLM/results/plantuml_pipeline/runs/open_source__qwen25_7b_instruct__rag/case_47_safehome_security_function/run_01.puml,"multiple_initial_state_transitions (Idle, ReadyToUse)"
Qwen 2.5 7B Instruct,RAG,open_source__qwen25_7b_instruct__rag,case_51_process_sale,run_01.puml,False,/Users/faria/State_transition_Diagram_generated_by_LLM/results/plantuml_pipeline/runs/open_source__qwen25_7b_instruct__rag/case_51_process_sale/run_01.puml,"missing_final_state_transition (state --> [*]) | unreachable_states_detected | unreachable: Payment completed, Payment verified, Record items, Waiting for customer, Waiting for payment"
Qwen 2.5 7B Instruct,RAG,open_source__qwen25_7b_instruct__rag,case_52_microwave_oven,run_01.puml,False,/Users/faria/State_transition_Diagram_generated_by_LLM/results/plantuml_pipeline/runs/open_source__qwen25_7b_instruct__rag/case_52_microwave_oven/run_01.puml,"multiple_initial_state_transitions (Idle, WaitingForInput, PowerSelection, DoorOpen, DoorClosed, Idle) | missing_final_state_transition (state --> [*]) | duplicate_transitions_detected (2)"
Qwen 2.5 7B Instruct,RAG,open_source__qwen25_7b_instruct__rag,case_54_weather_station_system,run_01.puml,False,/Users/faria/State_transition_Diagram_generated_by_LLM/results/plantuml_pipeline/runs/open_source__qwen25_7b_instruct__rag/case_54_weather_station_system/run_01.puml,"multiple_initial_state_transitions (Running, Configuring, DataCollection, SummaryPreparation, StatusChecking, ControlledMode, Shutdown)"
Qwen 2.5 7B Instruct,RAG,open_source__qwen25_7b_instruct__rag,case_59_atm_1,run_01.puml,False,/Users/faria/State_transition_Diagram_generated_by_LLM/results/plantuml_pipeline/runs/open_source__qwen25_7b_instruct__rag/case_59_atm_1/run_01.puml,missing_final_state_transition (state --> [*])
Qwen 2.5 7B Instruct,RAG,open_source__qwen25_7b_instruct__rag,case_60_atm_2,run_01.puml,False,/Users/faria/State_transition_Diagram_generated_by_LLM/results/plantuml_pipeline/runs/open_source__qwen25_7b_instruct__rag/case_60_atm_2/run_01.puml,unreachable_states_detected | unreachable: SelectAmount <<initial>>
Qwen 2.5 7B Instruct,RAG,open_source__qwen25_7b_instruct__rag,case_65_plane,run_01.puml,True,/Users/faria/State_transition_Diagram_generated_by_LLM/results/plantuml_pipeline/runs/open_source__qwen25_7b_instruct__rag/case_65_plane/run_01.puml,
Qwen 2.5 7B Instruct,RAG,open_source__qwen25_7b_instruct__rag,case_67_atm_many_scenarios_1,run_01.puml,False,/Users/faria/State_transition_Diagram_generated_by_LLM/results/plantuml_pipeline/runs/open_source__qwen25_7b_instruct__rag/case_67_atm_many_scenarios_1/run_01.puml,missing_final_state_transition (state --> [*])
Qwen 2.5 7B Instruct,RAG,open_source__qwen25_7b_instruct__rag,case_70_atm_many_scenarios_7,run_01.puml,False,/Users/faria/State_transition_Diagram_generated_by_LLM/results/plantuml_pipeline/runs/open_source__qwen25_7b_instruct__rag/case_70_atm_many_scenarios_7/run_01.puml,missing_final_state_transition (state --> [*])
Qwen 2.5 7B Instruct,RAG,open_source__qwen25_7b_instruct__rag,case_75_graderate,run_01.puml,True,/Users/faria/State_transition_Diagram_generated_by_LLM/results/plantuml_pipeline/runs/open_source__qwen25_7b_instruct__rag/case_75_graderate/run_01.puml,
Qwen 2.5 7B Instruct,RAG,open_source__qwen25_7b_instruct__rag,case_78_class_campaign_version_2,run_01.puml,True,/Users/faria/State_transition_Diagram_generated_by_LLM/results/plantuml_pipeline/runs/open_source__qwen25_7b_instruct__rag/case_78_class_campaign_version_2/run_01.puml,
Qwen 2.5 7B Instruct,RAG,open_source__qwen25_7b_instruct__rag,case_80_staff_member_class,run_01.puml,False,/Users/faria/State_transition_Diagram_generated_by_LLM/results/plantuml_pipeline/runs/open_source__qwen25_7b_instruct__rag/case_80_staff_member_class/run_01.puml,"multiple_initial_state_transitions (Assigned, Working)"
